text,department
chest pain that gets worse when i climb stairs,Cardiology
my heart is racing and skipping beats,Cardiology
palpitations and fluttering in my chest at night,Cardiology
shortness of breath when lying flat,Cardiology
swelling in both ankles and feet by evening,Cardiology
tightness in the chest after walking a short distance,Cardiology
high blood pressure readings for the past month,Cardiology
dizzy and faint when i stand up quickly,Cardiology
irregular heartbeat and tiredness,Cardiology
pain in chest spreading to jaw and shoulder,Cardiology
cannot walk far without my chest hurting,Cardiology
doctor said i have a heart murmur,Cardiology
cholesterol is high and i get chest discomfort,Cardiology
waking at night gasping for air,Cardiology
heaviness in chest with cold sweat,Cardiology
family history of heart attack and i feel chest pressure,Cardiology
my pulse feels very slow and i am weak,Cardiology
burning in chest with breathlessness on exertion,Cardiology
itchy red rash on my arms and neck,Dermatology
acne and pimples on my face that will not clear,Dermatology
dry flaky patches of skin on my elbows,Dermatology
hair falling out in patches,Dermatology
dark spots and pigmentation on cheeks,Dermatology
a mole that has changed colour and size,Dermatology
persistent itching all over my body at night,Dermatology
white patches appearing on my hands,Dermatology
nails are thick discoloured and breaking,Dermatology
fungal infection between my toes,Dermatology
hives and welts after eating something,Dermatology
painful boils in my armpit,Dermatology
eczema flaring up on my hands,Dermatology
scalp is flaky with severe dandruff,Dermatology
blisters and rash in a band around my waist,Dermatology
excessive sweating and body odour,Dermatology
skin turning red and peeling after sun exposure,Dermatology
wart growing on my finger,Dermatology
knee pain when i climb stairs or squat,Orthopaedics
lower back pain radiating down my leg,Orthopaedics
shoulder is stiff and i cannot lift my arm,Orthopaedics
fell down and my wrist is swollen and painful,Orthopaedics
joint pain and stiffness in the morning,Orthopaedics
ankle sprain that is not healing,Orthopaedics
neck pain and stiffness from sitting at a desk,Orthopaedics
hip pain when walking long distance,Orthopaedics
fracture follow up and plaster removal,Orthopaedics
cracking sound in my knee with pain,Orthopaedics
swelling and pain in my elbow after playing,Orthopaedics
severe backache after lifting heavy weight,Orthopaedics
numbness and tingling in my fingers from wrist,Orthopaedics
bow legs and difficulty walking in my child,Orthopaedics
sports injury to my knee ligament,Orthopaedics
osteoarthritis pain in both knees,Orthopaedics
heel pain when i take first steps in morning,Orthopaedics
spine curvature and posture problem,Orthopaedics
severe headache with sensitivity to light,Neurology
frequent migraines with nausea,Neurology
numbness and weakness on one side of my body,Neurology
seizures and blackouts,Neurology
tremor in my hands when at rest,Neurology
memory loss and confusion getting worse,Neurology
dizziness and loss of balance while walking,Neurology
tingling and burning sensation in both feet,Neurology
sudden slurred speech and drooping face,Neurology
constant ringing in my head with headache,Neurology
fainting episodes without warning,Neurology
difficulty sleeping with restless legs,Neurology
shooting nerve pain down my arm,Neurology
double vision and difficulty focusing,Neurology
stiffness and slowness of movement,Neurology
head injury and persistent headache,Neurology
loss of sensation in my hands,Neurology
uncontrollable muscle twitching,Neurology
stomach pain after eating oily food,Gastroenterology
acidity and burning in my chest after meals,Gastroenterology
loose motions for three days,Gastroenterology
constipation and bloating,Gastroenterology
vomiting and nausea since morning,Gastroenterology
blood in my stool,Gastroenterology
yellowing of eyes and dark urine,Gastroenterology
severe pain in upper right abdomen,Gastroenterology
loss of appetite and weight loss,Gastroenterology
gas and indigestion every day,Gastroenterology
difficulty swallowing food,Gastroenterology
piles and pain during bowel movement,Gastroenterology
liver enzymes are high in my report,Gastroenterology
cramping pain around my navel,Gastroenterology
acid reflux waking me at night,Gastroenterology
alternating diarrhoea and constipation,Gastroenterology
belching and feeling full quickly,Gastroenterology
ulcer pain on empty stomach,Gastroenterology
sore throat and difficulty swallowing,ENT
blocked nose and sneezing for weeks,ENT
ear pain with discharge,ENT
reduced hearing in my left ear,ENT
ringing sound in my ears,ENT
tonsils are swollen and painful,ENT
nose bleeding frequently,ENT
loss of smell and taste,ENT
hoarse voice for more than two weeks,ENT
sinus pressure and facial pain,ENT
snoring loudly and choking in sleep,ENT
something stuck in my throat feeling,ENT
vertigo and spinning sensation,ENT
itchy ears with wax blockage,ENT
recurrent cold and nasal congestion,ENT
throat pain with fever and white spots,ENT
deviated septum and breathing difficulty,ENT
blurred vision when reading,Ophthalmology
red and itchy eyes with watering,Ophthalmology
pain in my eye with light sensitivity,Ophthalmology
cannot see clearly at a distance,Ophthalmology
floaters and flashes in my vision,Ophthalmology
gradual loss of vision in one eye,Ophthalmology
swelling and lump on my eyelid,Ophthalmology
dry eyes and burning from screen use,Ophthalmology
night vision has become poor,Ophthalmology
cloudy vision like looking through fog,Ophthalmology
eye injury from dust particle,Ophthalmology
squint in my child eye,Ophthalmology
headache after reading for a while,Ophthalmology
discharge and crusting on my eyelashes,Ophthalmology
double vision in one eye,Ophthalmology
need spectacles number checked,Ophthalmology
pressure sensation behind my eyes,Ophthalmology
persistent cough for three weeks,Pulmonology
wheezing and difficulty breathing,Pulmonology
asthma attacks getting more frequent,Pulmonology
coughing up blood,Pulmonology
breathless after climbing one floor,Pulmonology
chest congestion with green phlegm,Pulmonology
smoker with chronic morning cough,Pulmonology
tightness in chest with wheezing at night,Pulmonology
recurrent chest infections,Pulmonology
snoring with daytime sleepiness,Pulmonology
shortness of breath with dust exposure,Pulmonology
dry cough that will not stop,Pulmonology
fever cough and breathlessness,Pulmonology
allergy causing breathing difficulty,Pulmonology
low oxygen level reading at home,Pulmonology
pain in chest when i breathe deeply,Pulmonology
tuberculosis contact and weight loss,Pulmonology
my child has high fever and is not eating,Paediatrics
baby is crying continuously and pulling ear,Paediatrics
child has loose motions and vomiting,Paediatrics
vaccination schedule for my infant,Paediatrics
my toddler is not gaining weight,Paediatrics
child has rash all over body with fever,Paediatrics
newborn has yellow skin and eyes,Paediatrics
my son has a persistent cough at night,Paediatrics
child is not speaking at expected age,Paediatrics
infant feeding problems and colic,Paediatrics
my daughter has stomach ache frequently,Paediatrics
child growth and development checkup,Paediatrics
kid fell and hit his head,Paediatrics
bedwetting in my seven year old,Paediatrics
child is very hyperactive and inattentive,Paediatrics
teenager has delayed puberty,Paediatrics
baby has diaper rash and irritation,Paediatrics
feeling very low and hopeless for weeks,Psychiatry
constant anxiety and panic attacks,Psychiatry
cannot sleep and mind keeps racing,Psychiatry
losing interest in everything i used to enjoy,Psychiatry
thoughts of harming myself,Psychiatry
extreme mood swings from high to low,Psychiatry
hearing voices that others cannot hear,Psychiatry
obsessive thoughts and repeated checking,Psychiatry
stress at work causing physical symptoms,Psychiatry
addiction to alcohol and cannot stop,Psychiatry
memory and concentration problems from stress,Psychiatry
social situations make me panic,Psychiatry
grief after losing a family member,Psychiatry
irritability and anger outbursts,Psychiatry
eating very little and fear of weight gain,Psychiatry
flashbacks after an accident,Psychiatry
feeling constantly tired with low motivation,Psychiatry
irregular periods for several months,Gynaecology
severe cramps during menstruation,Gynaecology
pregnancy checkup and scan,Gynaecology
white discharge with itching,Gynaecology
trying to conceive without success,Gynaecology
heavy bleeding during periods,Gynaecology
pain during intercourse,Gynaecology
lump in my breast,Gynaecology
menopause symptoms and hot flashes,Gynaecology
pcos and weight gain with acne,Gynaecology
lower abdominal pain in women,Gynaecology
contraception advice needed,Gynaecology
bleeding after menopause,Gynaecology
morning sickness in early pregnancy,Gynaecology
urinary infection during pregnancy,Gynaecology
fibroid detected in ultrasound,Gynaecology
burning sensation while urinating,Urology
frequent urination especially at night,Urology
blood in my urine,Urology
severe pain in flank radiating to groin,Urology
kidney stone detected in scan,Urology
difficulty starting urination,Urology
swelling and pain in testicle,Urology
prostate enlargement and weak stream,Urology
incontinence and leaking urine,Urology
recurrent urinary tract infections,Urology
foamy urine and swelling in legs,Urology
creatinine is high in my blood test,Urology
pain in lower abdomen while passing urine,Urology
erectile dysfunction concerns,Urology
reduced urine output for two days,Urology
fever with chills and body ache,General Medicine
general weakness and fatigue for weeks,General Medicine
sugar levels are high and i feel thirsty,General Medicine
thyroid report is abnormal,General Medicine
unexplained weight loss,General Medicine
routine health checkup,General Medicine
viral fever and body pain,General Medicine
anaemia and feeling tired always,General Medicine
vitamin deficiency and cramps,General Medicine
i feel unwell but cannot describe it,General Medicine
need a general consultation,General Medicine
low immunity and frequent illness,General Medicine
dengue symptoms with fever and rash,General Medicine
diabetes follow up and medicine review,General Medicine
blood report review and advice,General Medicine
headache tiredness and mild fever,General Medicine
not sure which doctor i should see,General Medicine
angina like chest pain on exertion,Cardiology
chest discomfort relieved by rest,Cardiology
heart pounding after mild activity,Cardiology
breathless and chest heaviness climbing stairs,Cardiology
swollen legs and breathless at night,Cardiology
blood pressure very high with headache,Cardiology
chest pressure lasting several minutes,Cardiology
heart skipping a beat frequently,Cardiology
tired with chest tightness and dizziness,Cardiology
been told my ecg is abnormal,Cardiology
rapid heartbeat with anxiety and sweating,Cardiology
pain in chest when i exert myself,Cardiology
fluid retention and swelling with breathlessness,Cardiology
follow up after angioplasty stent,Cardiology
heart failure medication review,Cardiology
chest pain and palpitations together,Cardiology
low blood pressure and fainting spells,Cardiology
cardiac checkup with family heart history,Cardiology
red itchy skin patches spreading,Dermatology
severe acne with scarring on face and back,Dermatology
psoriasis plaques on knees and elbows,Dermatology
skin allergy with itching and swelling,Dermatology
hair thinning at the crown,Dermatology
dandruff and itchy scalp with hair loss,Dermatology
ringworm patch on my thigh,Dermatology
skin infection with pus and redness,Dermatology
melasma dark patches on face,Dermatology
vitiligo white patches spreading,Dermatology
chronic urticaria hives every evening,Dermatology
athletes foot itching and peeling,Dermatology
nail fungus discoloured toenail,Dermatology
skin tag and wart removal,Dermatology
rash after starting a new medicine,Dermatology
dry itchy skin in winter,Dermatology
pimples and oily skin treatment,Dermatology
scar and keloid treatment,Dermatology
knee swelling and difficulty bending,Orthopaedics
chronic lower back pain for months,Orthopaedics
frozen shoulder cannot rotate arm,Orthopaedics
wrist pain from typing all day,Orthopaedics
hip joint replacement consultation,Orthopaedics
torn meniscus knee injury,Orthopaedics
slipped disc with leg numbness,Orthopaedics
neck stiffness with shoulder pain,Orthopaedics
ankle fracture recovery physiotherapy,Orthopaedics
bone pain and low vitamin d,Orthopaedics
gout attack in my big toe,Orthopaedics
rheumatoid arthritis joint swelling,Orthopaedics
sciatica pain from hip to foot,Orthopaedics
tennis elbow pain gripping objects,Orthopaedics
knee cartilage wear and tear,Orthopaedics
plantar fasciitis heel pain,Orthopaedics
shoulder dislocation recurring,Orthopaedics
child limping after a fall,Orthopaedics
throbbing one sided headache with aura,Neurology
chronic daily headache not responding to painkillers,Neurology
epilepsy medication review,Neurology
parkinsons tremor and slow walking,Neurology
peripheral neuropathy burning feet diabetic,Neurology
stroke rehabilitation follow up,Neurology
vertigo with imbalance and nausea,Neurology
carpal tunnel numbness in hand at night,Neurology
facial nerve weakness bells palsy,Neurology
dementia forgetfulness in elderly parent,Neurology
multiple sclerosis symptoms flare,Neurology
sudden severe headache with vomiting,Neurology
loss of consciousness with convulsions,Neurology
back of head pain with neck stiffness,Neurology
tingling spreading up both legs,Neurology
muscle weakness getting worse over months,Neurology
tremor worsening when i hold a cup,Neurology
migraine with visual disturbance,Neurology
severe acidity and burning after meals,Gastroenterology
chronic abdomen pain with bloating,Gastroenterology
irritable bowel with cramps and urgency,Gastroenterology
gallstone pain after fatty meal,Gastroenterology
fatty liver detected on ultrasound,Gastroenterology
chronic constipation with hard stool,Gastroenterology
blood while passing stool with pain,Gastroenterology
hepatitis test came positive,Gastroenterology
gastric ulcer burning pain,Gastroenterology
food poisoning vomiting and diarrhoea,Gastroenterology
difficulty digesting and frequent belching,Gastroenterology
weight loss with abdomen pain and appetite loss,Gastroenterology
anal fissure pain during motion,Gastroenterology
lactose intolerance bloating after milk,Gastroenterology
persistent nausea without vomiting,Gastroenterology
swelling of abdomen with fluid,Gastroenterology
pancreas pain radiating to back,Gastroenterology
colonoscopy advice for bowel symptoms,Gastroenterology
chronic tonsillitis recurring throat infection,ENT
ear blocked with hearing loss,ENT
severe sinusitis with headache and congestion,ENT
allergic rhinitis sneezing every morning,ENT
tinnitus ringing disturbing my sleep,ENT
throat pain with difficulty swallowing food,ENT
nasal polyp blocking breathing,ENT
middle ear infection in my child,ENT
sudden hearing loss in one ear,ENT
voice change and throat lump sensation,ENT
sleep apnoea loud snoring choking,ENT
ear wax removal and itching,ENT
bleeding from nose repeatedly in summer,ENT
benign positional vertigo on turning head,ENT
adenoid enlargement mouth breathing child,ENT
throat irritation with dry cough,ENT
smell sensation not returning after infection,ENT
cataract clouding my vision,Ophthalmology
glaucoma eye pressure check,Ophthalmology
diabetic retinopathy screening,Ophthalmology
conjunctivitis red sticky eyes,Ophthalmology
short sighted vision getting worse,Ophthalmology
eye strain and headache from computer work,Ophthalmology
stye painful lump on eyelid,Ophthalmology
watering eyes with blocked tear duct,Ophthalmology
retina detachment flashes and curtain in vision,Ophthalmology
dry eye syndrome burning and grittiness,Ophthalmology
child cannot read blackboard clearly,Ophthalmology
colour vision difficulty,Ophthalmology
eye pain after chemical splash,Ophthalmology
contact lens irritation and redness,Ophthalmology
drooping eyelid affecting vision,Ophthalmology
halos around lights at night,Ophthalmology
regular eye examination for spectacles,Ophthalmology
chronic bronchitis with morning phlegm,Pulmonology
copd breathlessness getting worse,Pulmonology
asthma inhaler not controlling symptoms,Pulmonology
pneumonia fever cough and chest pain,Pulmonology
long covid persistent breathlessness,Pulmonology
allergic cough triggered by dust and smoke,Pulmonology
night time wheezing waking me up,Pulmonology
sputum with blood streaks,Pulmonology
occupational dust exposure breathing problem,Pulmonology
oxygen saturation dropping on walking,Pulmonology
chest xray shows a shadow,Pulmonology
tuberculosis treatment follow up,Pulmonology
breathing difficulty lying down,Pulmonology
persistent dry cough after viral infection,Pulmonology
chest pain on deep breath with cough,Pulmonology
smoking cessation and lung checkup,Pulmonology
recurring wheeze in cold weather,Pulmonology
child fever with rash and irritability,Paediatrics
infant vomiting after every feed,Paediatrics
child not gaining height and weight,Paediatrics
routine immunisation for six month old,Paediatrics
child has ear pain and fever,Paediatrics
newborn jaundice level check,Paediatrics
toddler diarrhoea and dehydration,Paediatrics
child asthma wheezing at night,Paediatrics
delayed milestones in my child walking,Paediatrics
child abdomen pain and worms,Paediatrics
teenage acne and growth concerns,Paediatrics
child seizure with high fever,Paediatrics
infant colic crying in evenings,Paediatrics
child poor appetite and anaemia,Paediatrics
school age child attention problems,Paediatrics
child skin rash with itching,Paediatrics
premature baby follow up checkup,Paediatrics
depression with loss of interest and appetite,Psychiatry
generalised anxiety with restlessness,Psychiatry
panic attacks with palpitations and fear,Psychiatry
insomnia not sleeping for weeks,Psychiatry
bipolar mood swings and impulsive behaviour,Psychiatry
schizophrenia hearing voices and suspicion,Psychiatry
obsessive compulsive repeated hand washing,Psychiatry
alcohol dependence and withdrawal,Psychiatry
smoking and substance addiction help,Psychiatry
post traumatic stress after accident,Psychiatry
exam stress and concentration problems,Psychiatry
social anxiety avoiding people,Psychiatry
anger management and irritability,Psychiatry
eating disorder binge and purge,Psychiatry
low mood with guilt and worthlessness,Psychiatry
counselling for relationship stress,Psychiatry
adhd assessment for adult,Psychiatry
irregular menstruation with pcos,Gynaecology
painful periods with heavy flow,Gynaecology
antenatal checkup second trimester,Gynaecology
vaginal discharge with odour and itching,Gynaecology
infertility treatment consultation,Gynaecology
uterine fibroid causing heavy bleeding,Gynaecology
menopause hot flashes and mood change,Gynaecology
pelvic pain in lower abdomen women,Gynaecology
breast lump examination needed,Gynaecology
family planning and contraceptive advice,Gynaecology
pcod weight gain and irregular cycle,Gynaecology
pregnancy test positive first visit,Gynaecology
postnatal checkup after delivery,Gynaecology
spotting between periods,Gynaecology
cervical screening pap smear,Gynaecology
ovarian cyst detected on scan,Gynaecology
burning urination with frequency,Urology
kidney stone severe flank pain,Urology
prostate enlargement night urination,Urology
blood in urine without pain,Urology
recurrent urine infection in women,Urology
urinary retention cannot pass urine,Urology
bladder control problem leaking,Urology
scrotal swelling and pain,Urology
kidney function test abnormal creatinine,Urology
painful urination with fever and back pain,Urology
weak urine stream and dribbling,Urology
stone in ureter causing colic,Urology
male infertility semen analysis,Urology
frequent urination with diabetes,Urology
hydrocele swelling consultation,Urology
fever with chills for four days,General Medicine
generalised body ache and tiredness,General Medicine
uncontrolled diabetes with frequent urination and thirst,General Medicine
hypothyroidism weight gain and fatigue,General Medicine
anaemia with pallor and breathlessness,General Medicine
seasonal viral fever and cold,General Medicine
malaria typhoid fever suspected,General Medicine
unexplained fatigue and low energy,General Medicine
vitamin b12 deficiency tingling and weakness,General Medicine
obesity and lifestyle counselling,General Medicine
annual master health checkup,General Medicine
high blood sugar diet advice,General Medicine
general weakness after illness,General Medicine
multiple vague symptoms need assessment,General Medicine
medical fitness certificate examination,General Medicine
review of blood test reports,General Medicine
i do not know which department to visit,General Medicine
throbbing headache and light hurts my eyes,Neurology
headache with photophobia and nausea,Neurology
one sided pounding headache sensitive to light and sound,Neurology
migraine attack with light sensitivity lasting hours,Neurology
head pain worse in bright light with vomiting,Neurology
severe headache and cannot tolerate light,Neurology
